{"cameraMode":{"drawMode":0,"name":"Shaded","section":"Shading Mode"},"sceneLighting":true,"audioPlay":false,"sceneViewState":{"showFog":true,"showMaterialUpdate":false,"showSkybox":true,"showFlares":true,"showImageEffects":true,"showParticleSystems":true},"in2DMode":false,"pivot":{"x":8.299756050109864,"y":3.2326149940490724,"z":-10.976564407348633},"rotation":{"x":-0.0023715649731457235,"y":0.9791364073753357,"z":0.011446598917245865,"w":0.20286794006824494},"size":35.47057342529297,"orthographic":false}