{"cameraMode":{"drawMode":0,"name":"Shaded","section":"Shading Mode"},"sceneLighting":true,"audioPlay":false,"sceneViewState":{"showFog":true,"showMaterialUpdate":false,"showSkybox":true,"showFlares":true,"showImageEffects":true,"showParticleSystems":true},"in2DMode":false,"pivot":{"x":-2.9485011100769045,"y":-2.5985424518585207,"z":0.9526958465576172},"rotation":{"x":0.0014260952593758703,"y":0.9740310907363892,"z":-0.22632701694965363,"w":0.006137431599199772},"size":19.504850387573243,"orthographic":false}