{"cameraMode":{"drawMode":0,"name":"Shaded","section":"Shading Mode"},"sceneLighting":false,"audioPlay":false,"sceneViewState":{"showFog":true,"showMaterialUpdate":false,"showSkybox":false,"showFlares":true,"showImageEffects":true,"showParticleSystems":true},"in2DMode":false,"pivot":{"x":-5.050000190734863,"y":-2.9467597007751467,"z":-4.484470367431641},"rotation":{"x":0.14494949579238892,"y":0.0682082325220108,"z":-0.0100156981498003,"w":0.9870344400405884},"size":34.915931701660159,"orthographic":false}