{"cameraMode":{"drawMode":0,"name":"Shaded","section":"Shading Mode"},"sceneLighting":true,"audioPlay":false,"sceneViewState":{"showFog":true,"showMaterialUpdate":false,"showSkybox":true,"showFlares":true,"showImageEffects":true,"showParticleSystems":true},"in2DMode":false,"pivot":{"x":-13.575254440307618,"y":1.3174479007720948,"z":-13.023406982421875},"rotation":{"x":-0.0016912297578528524,"y":0.9937625527381897,"z":-0.0152157386764884,"w":-0.11046106368303299},"size":35.47057342529297,"orthographic":false}